Name,Timestamp,Status
Unknown Intruder,2026-07-20 13:17:58,Access Denied
Unknown Intruder,2026-07-20 13:21:33,Access Denied
Unknown Intruder,2026-07-20 13:23:26,Access Denied
Unknown Intruder,2026-07-20 13:23:44,Access Denied
Unknown Intruder,2026-07-20 13:24:06,Access Denied
Unknown Intruder,2026-07-20 13:24:29,Access Denied
Unknown Intruder,2026-07-20 13:24:33,Access Denied
Unknown Intruder,2026-07-20 13:24:38,Access Denied
Unknown Intruder,2026-07-20 13:24:42,Access Denied
Unknown Intruder,2026-07-20 13:24:47,Access Denied
Unknown Intruder,2026-07-20 13:24:51,Access Denied
Unknown Intruder,2026-07-20 13:24:56,Access Denied
Unknown Intruder,2026-07-20 13:25:00,Access Denied
Unknown Intruder,2026-07-20 13:25:05,Access Denied
Unknown Intruder,2026-07-20 13:25:09,Access Denied
Unknown Intruder,2026-07-20 13:25:14,Access Denied
Unknown Intruder,2026-07-20 13:32:18,Access Denied
Unknown Intruder,2026-07-20 13:32:24,Access Denied
Unknown Intruder,2026-07-20 13:32:30,Access Denied
Unknown Intruder,2026-07-20 13:32:36,Access Denied
Unknown Intruder,2026-07-20 13:32:45,Access Denied
Unknown Intruder,2026-07-20 13:32:51,Access Denied
Unknown Intruder,2026-07-20 13:33:15,Access Denied
Unknown Intruder,2026-07-20 13:33:23,Access Denied
Unknown Intruder,2026-07-20 13:33:52,Access Denied
Unknown Intruder,2026-07-20 13:33:57,Access Denied
Unknown Intruder,2026-07-20 13:34:03,Access Denied
Unknown Intruder,2026-07-20 13:34:09,Access Denied
Unknown Intruder,2026-07-20 13:34:15,Access Denied
Unknown Intruder,2026-07-20 13:34:21,Access Denied
Unknown Intruder,2026-07-20 13:34:27,Access Denied
Unknown Intruder,2026-07-20 13:34:33,Access Denied
Unknown Intruder,2026-07-20 13:34:39,Access Denied
Unknown Intruder,2026-07-20 13:34:45,Access Denied
Unknown Intruder,2026-07-20 13:34:51,Access Denied
Unknown Intruder,2026-07-20 13:34:57,Access Denied
Unknown Intruder,2026-07-20 13:35:03,Access Denied
Unknown Intruder,2026-07-20 13:35:09,Access Denied
Unknown Intruder,2026-07-20 13:35:15,Access Denied
Unknown Intruder,2026-07-20 13:35:21,Access Denied
Unknown Intruder,2026-07-20 13:35:27,Access Denied
Unknown Intruder,2026-07-20 13:35:33,Access Denied
Unknown Intruder,2026-07-20 13:35:39,Access Denied
Unknown Intruder,2026-07-20 13:35:45,Access Denied
Unknown Intruder,2026-07-20 13:35:51,Access Denied
Unknown Intruder,2026-07-20 13:35:57,Access Denied
Unknown Intruder,2026-07-20 13:36:03,Access Denied
Unknown Intruder,2026-07-20 13:36:08,Access Denied
Unknown Intruder,2026-07-20 13:36:15,Access Denied
Unknown Intruder,2026-07-20 13:36:21,Access Denied
Unknown Intruder,2026-07-20 13:36:27,Access Denied
Unknown Intruder,2026-07-20 13:36:33,Access Denied
Unknown Intruder,2026-07-20 13:36:39,Access Denied
Unknown Intruder,2026-07-20 13:36:45,Access Denied
Unknown Intruder,2026-07-20 13:36:51,Access Denied
Unknown Intruder,2026-07-20 13:36:57,Access Denied
Unknown Intruder,2026-07-20 13:37:03,Access Denied
Unknown Intruder,2026-07-20 13:37:25,Access Denied
Unknown Intruder,2026-07-20 13:37:31,Access Denied
Unknown Intruder,2026-07-20 13:37:36,Access Denied
Unknown Intruder,2026-07-20 13:37:42,Access Denied
Unknown Intruder,2026-07-20 13:37:48,Access Denied
Unknown Intruder,2026-07-20 13:37:54,Access Denied
Unknown Intruder,2026-07-20 13:38:00,Access Denied
Unknown Intruder,2026-07-20 13:38:08,Access Denied
Unknown Intruder,2026-07-20 13:38:15,Access Denied
Unknown Intruder,2026-07-20 13:38:21,Access Denied
Unknown Intruder,2026-07-20 13:38:27,Access Denied
Unknown Intruder,2026-07-20 13:38:33,Access Denied
Unknown Intruder,2026-07-20 13:38:39,Access Denied
Unknown Intruder,2026-07-20 13:38:45,Access Denied
Unknown Intruder,2026-07-20 13:38:51,Access Denied
Unknown Intruder,2026-07-20 13:38:57,Access Denied
Unknown Intruder,2026-07-20 13:39:03,Access Denied
Unknown Intruder,2026-07-20 13:39:09,Access Denied
Unknown Intruder,2026-07-20 13:39:15,Access Denied
Unknown Intruder,2026-07-20 13:39:21,Access Denied
Unknown Intruder,2026-07-20 13:39:27,Access Denied
Unknown Intruder,2026-07-20 13:39:33,Access Denied
Unknown Intruder,2026-07-20 13:39:39,Access Denied
Unknown Intruder,2026-07-20 13:39:45,Access Denied
Unknown Intruder,2026-07-20 13:39:51,Access Denied
Unknown Intruder,2026-07-20 13:39:56,Access Denied
Unknown Intruder,2026-07-20 13:40:03,Access Denied
Unknown Intruder,2026-07-20 13:40:09,Access Denied
Unknown Intruder,2026-07-20 13:40:32,Access Denied
Unknown Intruder,2026-07-20 13:40:39,Access Denied
Unknown Intruder,2026-07-20 13:40:46,Access Denied
Unknown Intruder,2026-07-20 13:40:52,Access Denied
Unknown Intruder,2026-07-20 13:40:57,Access Denied
Unknown Intruder,2026-07-20 13:41:03,Access Denied
Unknown Intruder,2026-07-20 13:41:09,Access Denied
Unknown Intruder,2026-07-20 13:41:15,Access Denied
Unknown Intruder,2026-07-20 13:41:21,Access Denied
Unknown Intruder,2026-07-20 13:41:34,Access Denied
Unknown Intruder,2026-07-20 13:41:40,Access Denied
Unknown Intruder,2026-07-20 13:42:22,Access Denied
Unknown Intruder,2026-07-20 13:42:28,Access Denied
Unknown Intruder,2026-07-20 13:42:58,Access Denied
Unknown Intruder,2026-07-20 13:43:04,Access Denied
Unknown Intruder,2026-07-20 13:43:09,Access Denied
Unknown Intruder,2026-07-20 13:43:15,Access Denied
Unknown Intruder,2026-07-20 13:43:21,Access Denied
Unknown Intruder,2026-07-20 13:43:27,Access Denied
Unknown Intruder,2026-07-20 13:43:33,Access Denied
Unknown Intruder,2026-07-20 13:43:39,Access Denied
Unknown Intruder,2026-07-20 13:43:45,Access Denied
Unknown Intruder,2026-07-20 13:43:51,Access Denied
Unknown Intruder,2026-07-20 13:43:57,Access Denied
Unknown Intruder,2026-07-20 13:44:03,Access Denied
Unknown Intruder,2026-07-20 13:44:09,Access Denied
Unknown Intruder,2026-07-20 13:44:15,Access Denied
Unknown Intruder,2026-07-20 13:44:21,Access Denied
Unknown Intruder,2026-07-20 13:44:28,Access Denied
Unknown Intruder,2026-07-20 13:44:34,Access Denied
Unknown Intruder,2026-07-20 13:44:39,Access Denied
Unknown Intruder,2026-07-20 13:44:41,Access Denied
Unknown Intruder,2026-07-20 13:44:48,Access Denied
Unknown Intruder,2026-07-20 13:44:54,Access Denied
Unknown Intruder,2026-07-20 13:45:00,Access Denied
Unknown Intruder,2026-07-20 13:45:06,Access Denied
Unknown Intruder,2026-07-20 13:45:12,Access Denied
Unknown Intruder,2026-07-20 13:45:18,Access Denied
Unknown Intruder,2026-07-20 13:45:24,Access Denied
Unknown Intruder,2026-07-20 13:45:30,Access Denied
Unknown Intruder,2026-07-20 13:45:36,Access Denied
Unknown Intruder,2026-07-20 13:45:42,Access Denied
Unknown Intruder,2026-07-20 13:46:01,Access Denied
Unknown Intruder,2026-07-20 13:46:07,Access Denied
Unknown Intruder,2026-07-20 13:46:12,Access Denied
Unknown Intruder,2026-07-20 13:46:18,Access Denied
Unknown Intruder,2026-07-20 13:46:24,Access Denied
Unknown Intruder,2026-07-20 13:46:30,Access Denied
Unknown Intruder,2026-07-20 13:46:36,Access Denied
Unknown Intruder,2026-07-20 13:46:41,Access Denied
Unknown Intruder,2026-07-20 13:46:48,Access Denied
Unknown Intruder,2026-07-20 13:46:54,Access Denied
Unknown Intruder,2026-07-20 13:47:30,Access Denied
Unknown Intruder,2026-07-20 13:47:36,Access Denied
Unknown Intruder,2026-07-20 13:47:42,Access Denied
Unknown Intruder,2026-07-20 13:47:48,Access Denied
Unknown Intruder,2026-07-20 13:47:54,Access Denied
Unknown Intruder,2026-07-20 13:48:09,Access Denied
Unknown Intruder,2026-07-20 13:48:15,Access Denied
Unknown Intruder,2026-07-20 13:48:21,Access Denied
Unknown Intruder,2026-07-20 13:48:27,Access Denied
Unknown Intruder,2026-07-20 13:49:15,Access Denied
Unknown Intruder,2026-07-20 13:49:21,Access Denied
Unknown Intruder,2026-07-20 13:49:27,Access Denied
Unknown Intruder,2026-07-20 13:49:33,Access Denied
Unknown Intruder,2026-07-20 13:49:39,Access Denied
Unknown Intruder,2026-07-20 13:49:45,Access Denied
Unknown Intruder,2026-07-20 13:49:51,Access Denied
Unknown Intruder,2026-07-20 13:49:57,Access Denied
Unknown Intruder,2026-07-20 13:50:03,Access Denied
Unknown Intruder,2026-07-20 13:50:09,Access Denied
Unknown Intruder,2026-07-20 13:50:16,Access Denied
Unknown Intruder,2026-07-20 13:50:22,Access Denied
Unknown Intruder,2026-07-20 13:50:27,Access Denied
Unknown Intruder,2026-07-20 13:50:33,Access Denied
Unknown Intruder,2026-07-20 13:50:39,Access Denied
Unknown Intruder,2026-07-20 13:50:45,Access Denied
Unknown Intruder,2026-07-20 13:50:51,Access Denied
Unknown Intruder,2026-07-20 13:50:57,Access Denied
Unknown Intruder,2026-07-20 13:51:06,Access Denied
Unknown Intruder,2026-07-20 13:51:12,Access Denied
Unknown Intruder,2026-07-20 13:51:18,Access Denied
Unknown Intruder,2026-07-20 13:51:24,Access Denied
Unknown Intruder,2026-07-20 13:51:30,Access Denied
Unknown Intruder,2026-07-20 13:51:36,Access Denied
Unknown Intruder,2026-07-20 13:51:42,Access Denied
Unknown Intruder,2026-07-20 13:51:48,Access Denied
Unknown Intruder,2026-07-20 13:51:54,Access Denied
Unknown Intruder,2026-07-20 13:52:00,Access Denied
Unknown Intruder,2026-07-20 13:52:06,Access Denied
Unknown Intruder,2026-07-20 13:52:12,Access Denied
Unknown Intruder,2026-07-20 13:52:18,Access Denied
Unknown Intruder,2026-07-20 13:52:24,Access Denied
Unknown Intruder,2026-07-20 13:52:30,Access Denied
Unknown Intruder,2026-07-20 13:52:35,Access Denied
Unknown Intruder,2026-07-20 13:52:42,Access Denied
Unknown Intruder,2026-07-20 13:52:48,Access Denied
Unknown Intruder,2026-07-20 13:52:54,Access Denied
Unknown Intruder,2026-07-20 13:53:00,Access Denied
Unknown Intruder,2026-07-20 13:53:06,Access Denied
Unknown Intruder,2026-07-20 13:53:12,Access Denied
Unknown Intruder,2026-07-20 13:53:28,Access Denied
Unknown Intruder,2026-07-20 13:54:28,Access Denied
Unknown Intruder,2026-07-20 13:54:40,Access Denied
Unknown Intruder,2026-07-20 13:54:46,Access Denied
Unknown Intruder,2026-07-20 13:54:54,Access Denied
Unknown Intruder,2026-07-20 13:55:12,Access Denied
Unknown Intruder,2026-07-20 13:55:42,Access Denied
Unknown Intruder,2026-07-20 13:55:48,Access Denied
Unknown Intruder,2026-07-20 13:55:54,Access Denied
Unknown Intruder,2026-07-20 13:56:00,Access Denied
Unknown Intruder,2026-07-20 13:56:06,Access Denied
Unknown Intruder,2026-07-20 13:56:12,Access Denied
Unknown Intruder,2026-07-20 13:56:18,Access Denied
Unknown Intruder,2026-07-20 13:56:24,Access Denied
Unknown Intruder,2026-07-20 13:56:54,Access Denied
Unknown Intruder,2026-07-20 13:57:06,Access Denied
Unknown Intruder,2026-07-20 13:57:18,Access Denied
Unknown Intruder,2026-07-20 13:57:30,Access Denied
Unknown Intruder,2026-07-20 13:57:36,Access Denied
Unknown Intruder,2026-07-20 13:57:54,Access Denied
Unknown Intruder,2026-07-20 13:58:00,Access Denied
Unknown Intruder,2026-07-20 13:58:06,Access Denied
Unknown Intruder,2026-07-20 13:58:12,Access Denied
Unknown Intruder,2026-07-20 13:58:24,Access Denied
Unknown Intruder,2026-07-20 13:58:30,Access Denied
Unknown Intruder,2026-07-20 13:58:48,Access Denied
Unknown Intruder,2026-07-20 13:58:54,Access Denied
Unknown Intruder,2026-07-20 13:59:06,Access Denied
Unknown Intruder,2026-07-20 13:59:13,Access Denied
Unknown Intruder,2026-07-20 13:59:18,Access Denied
Unknown Intruder,2026-07-20 13:59:33,Access Denied
Unknown Intruder,2026-07-20 13:59:45,Access Denied
Unknown Intruder,2026-07-20 13:59:51,Access Denied
Unknown Intruder,2026-07-20 13:59:56,Access Denied
Unknown Intruder,2026-07-20 14:00:03,Access Denied
Unknown Intruder,2026-07-20 14:00:09,Access Denied
Unknown Intruder,2026-07-20 14:00:27,Access Denied
Unknown Intruder,2026-07-20 14:00:33,Access Denied
Unknown Intruder,2026-07-20 14:00:39,Access Denied
Unknown Intruder,2026-07-20 14:00:57,Access Denied
Unknown Intruder,2026-07-20 14:01:03,Access Denied
Unknown Intruder,2026-07-20 14:01:09,Access Denied
Unknown Intruder,2026-07-20 14:01:15,Access Denied
Unknown Intruder,2026-07-20 14:01:21,Access Denied
Unknown Intruder,2026-07-20 14:01:27,Access Denied
Unknown Intruder,2026-07-20 14:01:33,Access Denied
Unknown Intruder,2026-07-20 14:01:39,Access Denied
Unknown Intruder,2026-07-20 14:01:45,Access Denied
Unknown Intruder,2026-07-20 14:01:51,Access Denied
Unknown Intruder,2026-07-20 14:01:57,Access Denied
Unknown Intruder,2026-07-20 14:02:03,Access Denied
Unknown Intruder,2026-07-20 14:02:09,Access Denied
Unknown Intruder,2026-07-20 14:02:15,Access Denied
Unknown Intruder,2026-07-20 14:02:21,Access Denied
Unknown Intruder,2026-07-20 14:02:27,Access Denied
Unknown Intruder,2026-07-20 14:02:33,Access Denied
Unknown Intruder,2026-07-20 14:02:39,Access Denied
Unknown Intruder,2026-07-20 14:02:45,Access Denied
Unknown Intruder,2026-07-20 14:02:49,Access Denied
Unknown Intruder,2026-07-20 14:02:55,Access Denied
Unknown Intruder,2026-07-20 14:03:00,Access Denied
Unknown Intruder,2026-07-20 14:03:22,Access Denied
Unknown Intruder,2026-07-20 14:03:28,Access Denied
Unknown Intruder,2026-07-20 14:03:33,Access Denied
Unknown Intruder,2026-07-20 14:03:39,Access Denied
Unknown Intruder,2026-07-20 14:03:45,Access Denied
Unknown Intruder,2026-07-20 14:04:20,Access Denied
Unknown Intruder,2026-07-20 14:07:59,Access Denied
Unknown Intruder,2026-07-20 14:08:17,Access Denied
Unknown Intruder,2026-07-20 14:08:23,Access Denied
Unknown Intruder,2026-07-20 14:08:29,Access Denied
jd,2026-07-20 14:09:54,Authorized
Unknown Intruder,2026-07-20 14:28:37,Access Denied
Unknown Intruder,2026-07-20 14:28:43,Access Denied
Unknown Intruder,2026-07-20 14:28:57,Access Denied
Unknown Intruder,2026-07-21 08:39:17,Access Denied
Unknown Intruder,2026-07-21 08:45:04,Access Denied
Unknown Intruder,2026-07-21 08:45:51,Access Denied
Unknown Intruder,2026-07-21 09:28:49,Access Denied
Unknown Intruder,2026-07-21 09:29:14,Access Denied
Unknown Intruder,2026-07-21 11:35:34,Access Denied
